id,name,read,pattern,sequence,feature_type
CD3,CD3,R2,^NNNNNNNNNN(BC)NNNNNNNNN,CTCATTGTAACTCCT,Antibody Capture
CD4,CD4,R2,^NNNNNNNNNN(BC)NNNNNNNNN,TGTTCCCGCTCAACT,Antibody Capture
CD8,CD8,R2,^NNNNNNNNNN(BC)NNNNNNNNN,GCGCAACTTGATGAT,Antibody Capture
CD11c,CD11c,R2,^NNNNNNNNNN(BC)NNNNNNNNN,TACGCCTATAACTTG,Antibody Capture
CD14,CD14,R2,^NNNNNNNNNN(BC)NNNNNNNNN,TCTCAGACCTCCGTA,Antibody Capture
CD16,CD16,R2,^NNNNNNNNNN(BC)NNNNNNNNN,AAGTTCACTCTTTGC,Antibody Capture
CD19,CD19,R2,^NNNNNNNNNN(BC)NNNNNNNNN,CTGGGCAATTACTCG,Antibody Capture
CD56,CD56,R2,^NNNNNNNNNN(BC)NNNNNNNNN,TCCTTTCCTGATAGG,Antibody Capture
CD45,CD45,R2,^NNNNNNNNNN(BC)NNNNNNNNN,TCCCTTGCGATTTAC,Antibody Capture
IgG1,IgG1_control_TotalSeqC,R2,^NNNNNNNNNN(BC)NNNNNNNNN,GCCGGACGACATTAA,Antibody Capture
A0201_NLVPMVATV_CMV_TCR-1,NLVPMVATV_CMV_TCR-1,R2,^NNNNNNNNNN(BC)NNNNNNNNN,GGCCTCGGTCCTAGG,Antibody Capture
